epoch,euclidean_distance_loss,loss,val_euclidean_distance_loss,val_loss
0,0.04039006307721138,0.04039006307721138,0.1303740292787552,0.1303740292787552
1,0.03255903348326683,0.03255903348326683,0.13802804052829742,0.13802804052829742
2,0.030690686777234077,0.030690686777234077,0.13559822738170624,0.13559822738170624
3,0.029476746916770935,0.029476746916770935,0.25620195269584656,0.25620195269584656
4,0.028808485716581345,0.028808485716581345,0.870543897151947,0.870543897151947
5,0.028896812349557877,0.028896812349557877,0.5180304050445557,0.5180304050445557
6,0.028161149471998215,0.028161149471998215,0.05468052253127098,0.05468052253127098
7,0.02802380919456482,0.02802380919456482,0.3182913661003113,0.3182913661003113
8,0.027725739404559135,0.027725739404559135,0.9691208600997925,0.9691208600997925
9,0.026957930997014046,0.026957930997014046,0.13280053436756134,0.13280053436756134
10,0.027102971449494362,0.027102971449494362,0.27038440108299255,0.27038440108299255
11,0.02645021304488182,0.02645021304488182,0.20672205090522766,0.20672205090522766
12,0.026391135528683662,0.026391135528683662,0.06304306536912918,0.06304306536912918
13,0.026203421875834465,0.026203421875834465,0.09289880841970444,0.09289880841970444
14,0.02589249797165394,0.02589249797165394,3.960672378540039,3.960672378540039
15,0.025980805978178978,0.025980805978178978,0.17138580977916718,0.17138580977916718
16,0.025796256959438324,0.025796256959438324,0.18945825099945068,0.18945825099945068
17,0.0256779994815588,0.0256779994815588,0.07975634187459946,0.07975634187459946
18,0.0254832673817873,0.0254832673817873,0.15982897579669952,0.15982897579669952
19,0.025802792981266975,0.025802792981266975,1.084302544593811,1.084302544593811
20,0.025350699201226234,0.025350699201226234,0.8174012303352356,0.8174012303352356
21,0.025307869538664818,0.025307869538664818,0.189650297164917,0.189650297164917
22,0.025068430230021477,0.025068430230021477,0.06729274243116379,0.06729274243116379
23,0.02476242557168007,0.02476242557168007,0.08212427794933319,0.08212427794933319
24,0.024663535878062248,0.024663535878062248,0.06780446320772171,0.06780446320772171
25,0.024582574144005775,0.024582574144005775,0.30148613452911377,0.30148613452911377
26,0.02457260712981224,0.02457260712981224,0.07773973792791367,0.07773973792791367
27,0.024439524859189987,0.024439524859189987,0.06848590821027756,0.06848590821027756
28,0.024494357407093048,0.024494357407093048,0.05791223421692848,0.05791223421692848
29,0.02428572252392769,0.02428572252392769,0.06075242534279823,0.06075242534279823
30,0.02417082153260708,0.02417082153260708,0.08525514602661133,0.08525514602661133
31,0.024307945743203163,0.024307945743203163,1.1159874200820923,1.1159874200820923
32,0.02407420612871647,0.02407420612871647,0.05171167850494385,0.05171167850494385
33,0.023974791169166565,0.023974791169166565,0.08966849744319916,0.08966849744319916
34,0.024851808324456215,0.024851808324456215,0.08363815397024155,0.08363815397024155
35,0.02424401044845581,0.02424401044845581,0.21723052859306335,0.21723052859306335
36,0.02418811060488224,0.02418811060488224,0.06188918277621269,0.06188918277621269
37,0.024138402193784714,0.024138402193784714,0.06653658300638199,0.06653658300638199
38,0.023848261684179306,0.023848261684179306,0.893181562423706,0.893181562423706
39,0.023722272366285324,0.023722272366285324,0.06557809561491013,0.06557809561491013
40,0.023935629054903984,0.023935629054903984,0.12741971015930176,0.12741971015930176
41,0.023683445528149605,0.023683445528149605,0.10722904652357101,0.10722904652357101
42,0.023537928238511086,0.023537928238511086,0.0655713900923729,0.0655713900923729
43,0.023477884009480476,0.023477884009480476,1.854443907737732,1.854443907737732
44,0.023518266156315804,0.023518266156315804,0.06442910432815552,0.06442910432815552
45,0.023370642215013504,0.023370642215013504,0.602762758731842,0.602762758731842
46,0.0232534222304821,0.0232534222304821,0.08999913185834885,0.08999913185834885
47,0.024218430742621422,0.024218430742621422,0.11848024278879166,0.11848024278879166
48,0.02368815802037716,0.02368815802037716,0.14846833050251007,0.14846833050251007
49,0.023678533732891083,0.023678533732891083,0.050331104546785355,0.050331104546785355
50,0.02384672500193119,0.02384672500193119,0.10798309743404388,0.10798309743404388
51,0.023575657978653908,0.023575657978653908,0.09310748428106308,0.09310748428106308
52,0.02350449562072754,0.02350449562072754,0.04817024618387222,0.04817024618387222
53,0.023150315508246422,0.023150315508246422,0.1544850617647171,0.1544850617647171
54,0.023147856816649437,0.023147856816649437,0.11129096895456314,0.11129096895456314
55,0.02315482124686241,0.02315482124686241,0.965886116027832,0.965886116027832
56,0.022822409868240356,0.022822409868240356,0.08022768050432205,0.08022768050432205
57,0.023055419325828552,0.023055419325828552,0.0691501572728157,0.0691501572728157
58,0.022830791771411896,0.022830791771411896,0.11632273346185684,0.11632273346185684
59,0.022763898596167564,0.022763898596167564,0.10130175203084946,0.10130175203084946
60,0.022823428735136986,0.022823428735136986,0.20244082808494568,0.20244082808494568
61,0.022678332403302193,0.022678332403302193,0.06411976367235184,0.06411976367235184
62,0.022787872701883316,0.022787872701883316,0.0866839736700058,0.0866839736700058
63,0.022614235058426857,0.022614235058426857,0.09501251578330994,0.09501251578330994
64,0.022705530747771263,0.022705530747771263,0.07656009495258331,0.07656009495258331
65,0.022600267082452774,0.022600267082452774,0.06798303127288818,0.06798303127288818
66,0.022647088393568993,0.022647088393568993,0.40864402055740356,0.40864402055740356
67,0.022672319784760475,0.022672319784760475,0.11007329821586609,0.11007329821586609
68,0.022521035745739937,0.022521035745739937,0.6872367262840271,0.6872367262840271
69,0.022338610142469406,0.022338610142469406,0.0635075569152832,0.0635075569152832
70,0.02243727631866932,0.02243727631866932,0.08373060077428818,0.08373060077428818
71,0.0223198514431715,0.0223198514431715,2.0051040649414062,2.0051040649414062
72,0.022319365292787552,0.022319365292787552,0.2713327705860138,0.2713327705860138
73,0.021936602890491486,0.021936602890491486,0.0566888265311718,0.0566888265311718
74,0.021988393738865852,0.021988393738865852,0.09645122289657593,0.09645122289657593
75,0.02228851430118084,0.02228851430118084,0.05197465792298317,0.05197465792298317
76,0.02203722670674324,0.02203722670674324,0.052555184811353683,0.052555184811353683
77,0.0220600888133049,0.0220600888133049,0.05293111130595207,0.05293111130595207
78,0.021931324154138565,0.021931324154138565,0.07805158197879791,0.07805158197879791
79,0.02183101512491703,0.02183101512491703,0.04757106676697731,0.04757106676697731
80,0.02180025912821293,0.02180025912821293,0.36967816948890686,0.36967816948890686
81,0.021742770448327065,0.021742770448327065,0.0792887732386589,0.0792887732386589
82,0.021853799000382423,0.021853799000382423,0.15119215846061707,0.15119215846061707
83,0.021779509261250496,0.021779509261250496,0.4022441506385803,0.4022441506385803
84,0.021687228232622147,0.021687228232622147,0.09887070208787918,0.09887070208787918
85,0.021567875519394875,0.021567875519394875,0.47356343269348145,0.47356343269348145
86,0.02160153165459633,0.02160153165459633,0.20958824455738068,0.20958824455738068
87,0.021404750645160675,0.021404750645160675,0.0597916878759861,0.0597916878759861
88,0.02136937715113163,0.02136937715113163,0.12496187537908554,0.12496187537908554
89,0.021481594070792198,0.021481594070792198,0.34068456292152405,0.34068456292152405
90,0.021319406107068062,0.021319406107068062,0.08708502352237701,0.08708502352237701
91,0.02134774439036846,0.02134774439036846,0.06803371757268906,0.06803371757268906
92,0.021243564784526825,0.021243564784526825,0.05630209669470787,0.05630209669470787
93,0.021259818226099014,0.021259818226099014,0.03934594243764877,0.03934594243764877
94,0.021240200847387314,0.021240200847387314,0.09072477370500565,0.09072477370500565
95,0.021458277478814125,0.021458277478814125,0.34710437059402466,0.34710437059402466
96,0.021293651312589645,0.021293651312589645,0.09672913700342178,0.09672913700342178
97,0.021040676161646843,0.021040676161646843,0.12026190012693405,0.12026190012693405
98,0.020880091935396194,0.020880091935396194,0.07037597894668579,0.07037597894668579
99,0.020989779382944107,0.020989779382944107,0.06107662245631218,0.06107662245631218
100,0.02138664573431015,0.02138664573431015,0.0496421679854393,0.0496421679854393
101,0.02117851749062538,0.02117851749062538,0.09851686656475067,0.09851686656475067
102,0.02096124365925789,0.02096124365925789,0.054766710847616196,0.054766710847616196
103,0.021041754633188248,0.021041754633188248,0.1705055832862854,0.1705055832862854
104,0.020761707797646523,0.020761707797646523,0.0643540546298027,0.0643540546298027
105,0.020794935524463654,0.020794935524463654,0.08109289407730103,0.08109289407730103
106,0.020950591191649437,0.020950591191649437,0.14487411081790924,0.14487411081790924
107,0.020677465945482254,0.020677465945482254,1.848656415939331,1.848656415939331
108,0.020760810002684593,0.020760810002684593,0.3753727972507477,0.3753727972507477
109,0.020721763372421265,0.020721763372421265,0.16495393216609955,0.16495393216609955
110,0.02045205608010292,0.02045205608010292,0.0849064365029335,0.0849064365029335
111,0.020558271557092667,0.020558271557092667,0.061079442501068115,0.061079442501068115
112,0.020553119480609894,0.020553119480609894,0.04132537916302681,0.04132537916302681
113,0.020431431010365486,0.020431431010365486,0.05600489675998688,0.05600489675998688
114,0.020148003473877907,0.020148003473877907,0.07239580899477005,0.07239580899477005
115,0.02010783925652504,0.02010783925652504,0.06915570050477982,0.06915570050477982
116,0.020200982689857483,0.020200982689857483,0.08259180933237076,0.08259180933237076
117,0.020158596336841583,0.020158596336841583,0.048436518758535385,0.048436518758535385
118,0.020057842135429382,0.020057842135429382,0.21705618500709534,0.21705618500709534
119,0.019971707835793495,0.019971707835793495,0.03324268013238907,0.03324268013238907
120,0.020012322813272476,0.020012322813272476,0.04423840343952179,0.04423840343952179
121,0.01995575986802578,0.01995575986802578,0.07211016863584518,0.07211016863584518
122,0.019852373749017715,0.019852373749017715,0.055242348462343216,0.055242348462343216
123,0.019818052649497986,0.019818052649497986,0.03193182870745659,0.03193182870745659
124,0.01964969001710415,0.01964969001710415,0.10795410722494125,0.10795410722494125
125,0.019639259204268456,0.019639259204268456,0.16381436586380005,0.16381436586380005
126,0.019578460603952408,0.019578460603952408,0.050256818532943726,0.050256818532943726
127,0.01954042725265026,0.01954042725265026,0.03782114386558533,0.03782114386558533
128,0.019402367994189262,0.019402367994189262,0.044541582465171814,0.044541582465171814
129,0.01937638409435749,0.01937638409435749,0.03751138970255852,0.03751138970255852
130,0.019286829978227615,0.019286829978227615,0.05448189005255699,0.05448189005255699
131,0.01945490948855877,0.01945490948855877,0.04046739637851715,0.04046739637851715
132,0.01932978443801403,0.01932978443801403,0.056950438767671585,0.056950438767671585
133,0.019099919125437737,0.019099919125437737,0.06231530383229256,0.06231530383229256
134,0.01914391852915287,0.01914391852915287,0.06447641551494598,0.06447641551494598
135,0.0192132405936718,0.0192132405936718,0.2569848597049713,0.2569848597049713
136,0.0189849603921175,0.0189849603921175,0.11118216812610626,0.11118216812610626
137,0.019018711522221565,0.019018711522221565,0.05584455654025078,0.05584455654025078
138,0.01900869607925415,0.01900869607925415,0.05057144537568092,0.05057144537568092
139,0.018860304728150368,0.018860304728150368,0.07007940858602524,0.07007940858602524
140,0.018754687160253525,0.018754687160253525,0.08124697953462601,0.08124697953462601
141,0.018718667328357697,0.018718667328357697,0.029023954644799232,0.029023954644799232
142,0.018775219097733498,0.018775219097733498,0.0640457421541214,0.0640457421541214
143,0.01880955882370472,0.01880955882370472,0.05956730619072914,0.05956730619072914
144,0.018707867711782455,0.018707867711782455,0.05363177880644798,0.05363177880644798
145,0.018578490242362022,0.018578490242362022,0.07629700750112534,0.07629700750112534
146,0.01871064305305481,0.01871064305305481,0.08714041858911514,0.08714041858911514
147,0.018698392435908318,0.018698392435908318,0.03509146720170975,0.03509146720170975
148,0.018503382802009583,0.018503382802009583,0.10423391312360764,0.10423391312360764
149,0.018488315865397453,0.018488315865397453,0.09203623980283737,0.09203623980283737
150,0.0183937456458807,0.0183937456458807,0.06109726056456566,0.06109726056456566
151,0.01839832402765751,0.01839832402765751,0.0782509446144104,0.0782509446144104
152,0.018334826454520226,0.018334826454520226,0.07353423535823822,0.07353423535823822
153,0.018344344571232796,0.018344344571232796,0.05361805856227875,0.05361805856227875
154,0.01824665628373623,0.01824665628373623,0.049014367163181305,0.049014367163181305
155,0.018161147832870483,0.018161147832870483,0.0733189731836319,0.0733189731836319
156,0.018297681584954262,0.018297681584954262,0.04911552369594574,0.04911552369594574
157,0.018111951649188995,0.018111951649188995,0.04034982994198799,0.04034982994198799
158,0.018185559660196304,0.018185559660196304,0.04213758185505867,0.04213758185505867
159,0.01794772781431675,0.01794772781431675,0.05274360626935959,0.05274360626935959
160,0.01782395876944065,0.01782395876944065,0.029023075476288795,0.029023075476288795
161,0.01789945922791958,0.01789945922791958,0.08598203957080841,0.08598203957080841
162,0.017852269113063812,0.017852269113063812,0.0601622648537159,0.0601622648537159
163,0.01780979335308075,0.01780979335308075,0.04376065358519554,0.04376065358519554
164,0.017775533720850945,0.017775533720850945,0.06604724377393723,0.06604724377393723
165,0.01766195148229599,0.01766195148229599,0.08020399510860443,0.08020399510860443
166,0.017565498128533363,0.017565498128533363,0.054109830409288406,0.054109830409288406
167,0.017466196790337563,0.017466196790337563,0.03665391355752945,0.03665391355752945
168,0.017628947272896767,0.017628947272896767,0.03744099289178848,0.03744099289178848
169,0.017586642876267433,0.017586642876267433,0.041046228259801865,0.041046228259801865
170,0.017535356804728508,0.017535356804728508,0.03282744809985161,0.03282744809985161
171,0.017440972849726677,0.017440972849726677,0.056253910064697266,0.056253910064697266
172,0.01721736416220665,0.01721736416220665,0.03261582925915718,0.03261582925915718
173,0.017282996326684952,0.017282996326684952,0.0312055591493845,0.0312055591493845
174,0.017426520586013794,0.017426520586013794,0.04490270838141441,0.04490270838141441
175,0.017444901168346405,0.017444901168346405,0.0218968465924263,0.0218968465924263
176,0.017207525670528412,0.017207525670528412,0.06287654489278793,0.06287654489278793
177,0.01717822439968586,0.01717822439968586,0.03560177609324455,0.03560177609324455
178,0.017112189903855324,0.017112189903855324,0.038445789366960526,0.038445789366960526
179,0.01712891459465027,0.01712891459465027,0.04308728873729706,0.04308728873729706
180,0.01714957132935524,0.01714957132935524,0.026196137070655823,0.026196137070655823
181,0.017066549509763718,0.017066549509763718,0.033803485333919525,0.033803485333919525
182,0.01710689626634121,0.01710689626634121,0.02170800045132637,0.02170800045132637
183,0.016992248594760895,0.016992248594760895,0.03649243712425232,0.03649243712425232
184,0.01699093170464039,0.01699093170464039,0.032780278474092484,0.032780278474092484
185,0.016950789839029312,0.016950789839029312,0.048609670251607895,0.048609670251607895
186,0.017012331634759903,0.017012331634759903,0.026654986664652824,0.026654986664652824
187,0.016932616010308266,0.016932616010308266,0.036281928420066833,0.036281928420066833
188,0.016871707513928413,0.016871707513928413,0.026736803352832794,0.026736803352832794
189,0.016758685931563377,0.016758685931563377,0.028164058923721313,0.028164058923721313
190,0.016812605783343315,0.016812605783343315,0.035327840596437454,0.035327840596437454
191,0.0167287215590477,0.0167287215590477,0.0448666550219059,0.0448666550219059
192,0.016642896458506584,0.016642896458506584,0.029797283932566643,0.029797283932566643
193,0.016759566962718964,0.016759566962718964,0.020790642127394676,0.020790642127394676
194,0.016556963324546814,0.016556963324546814,0.02970384992659092,0.02970384992659092
195,0.01653807796537876,0.01653807796537876,0.02932002581655979,0.02932002581655979
196,0.016459235921502113,0.016459235921502113,0.02322208695113659,0.02322208695113659
197,0.016532007604837418,0.016532007604837418,0.023320721462368965,0.023320721462368965
198,0.01645183376967907,0.01645183376967907,0.0290121641010046,0.0290121641010046
199,0.016410471871495247,0.016410471871495247,0.02783975750207901,0.02783975750207901
200,0.016286831349134445,0.016286831349134445,0.033543430268764496,0.033543430268764496
201,0.01637820154428482,0.01637820154428482,0.031338077038526535,0.031338077038526535
202,0.016354713588953018,0.016354713588953018,0.02985813282430172,0.02985813282430172
203,0.016464324668049812,0.016464324668049812,0.02208825945854187,0.02208825945854187
204,0.016206352040171623,0.016206352040171623,0.021424228325486183,0.021424228325486183
205,0.016219867393374443,0.016219867393374443,0.03531619906425476,0.03531619906425476
206,0.01616685464978218,0.01616685464978218,0.020983615890145302,0.020983615890145302
207,0.01623866707086563,0.01623866707086563,0.02812361903488636,0.02812361903488636
208,0.01619906537234783,0.01619906537234783,0.024100324138998985,0.024100324138998985
209,0.01607721857726574,0.01607721857726574,0.03616877645254135,0.03616877645254135
210,0.016225825995206833,0.016225825995206833,0.027075329795479774,0.027075329795479774
211,0.01601601205766201,0.01601601205766201,0.03377451002597809,0.03377451002597809
212,0.016087694093585014,0.016087694093585014,0.029713379219174385,0.029713379219174385
213,0.016123345121741295,0.016123345121741295,0.03631335869431496,0.03631335869431496
214,0.016168149188160896,0.016168149188160896,0.03713471069931984,0.03713471069931984
215,0.016122518107295036,0.016122518107295036,0.026768816635012627,0.026768816635012627
216,0.016068346798419952,0.016068346798419952,0.01728651113808155,0.01728651113808155
217,0.016022611409425735,0.016022611409425735,0.04206329211592674,0.04206329211592674
218,0.016090543940663338,0.016090543940663338,0.030637886375188828,0.030637886375188828
219,0.016105791553854942,0.016105791553854942,0.02500212751328945,0.02500212751328945
220,0.015883293002843857,0.015883293002843857,0.030291151255369186,0.030291151255369186
221,0.015925396233797073,0.015925396233797073,0.02493342198431492,0.02493342198431492
222,0.01593642868101597,0.01593642868101597,0.022347325459122658,0.022347325459122658
223,0.015893300995230675,0.015893300995230675,0.025671256706118584,0.025671256706118584
224,0.015851708129048347,0.015851708129048347,0.01985394023358822,0.01985394023358822
225,0.015886403620243073,0.015886403620243073,0.028599973767995834,0.028599973767995834
226,0.01590079627931118,0.01590079627931118,0.025920113548636436,0.025920113548636436
227,0.015732979401946068,0.015732979401946068,0.025761302560567856,0.025761302560567856
228,0.01581612601876259,0.01581612601876259,0.024386616423726082,0.024386616423726082
229,0.015717871487140656,0.015717871487140656,0.0879833996295929,0.0879833996295929
230,0.015653977170586586,0.015653977170586586,0.01926257461309433,0.01926257461309433
231,0.0156074408441782,0.0156074408441782,0.034837257117033005,0.034837257117033005
232,0.015670616179704666,0.015670616179704666,0.02339519001543522,0.02339519001543522
233,0.015721885487437248,0.015721885487437248,0.02499902993440628,0.02499902993440628
234,0.015746857970952988,0.015746857970952988,0.035174328833818436,0.035174328833818436
235,0.01567027159035206,0.01567027159035206,0.02193080447614193,0.02193080447614193
236,0.015691492706537247,0.015691492706537247,0.022746730595827103,0.022746730595827103
237,0.015786293894052505,0.015786293894052505,0.03397676348686218,0.03397676348686218
238,0.015650322660803795,0.015650322660803795,0.025095274671912193,0.025095274671912193
239,0.015579002909362316,0.015579002909362316,0.02938356250524521,0.02938356250524521
240,0.015509904362261295,0.015509904362261295,0.017704997211694717,0.017704997211694717
241,0.015587271191179752,0.015587271191179752,0.04128561541438103,0.04128561541438103
242,0.015509597025811672,0.015509597025811672,0.024158623069524765,0.024158623069524765
243,0.015458578243851662,0.015458578243851662,0.019084535539150238,0.019084535539150238
244,0.015491222962737083,0.015491222962737083,0.021468386054039,0.021468386054039
245,0.015356399118900299,0.015356399118900299,0.04519085958600044,0.04519085958600044
246,0.015341336838901043,0.015341336838901043,0.026739679276943207,0.026739679276943207
247,0.015323549509048462,0.015323549509048462,0.021794810891151428,0.021794810891151428
248,0.015200478956103325,0.015200478956103325,0.020383868366479874,0.020383868366479874
249,0.015312173403799534,0.015312173403799534,0.020218098536133766,0.020218098536133766
250,0.015244237147271633,0.015244237147271633,0.02171885408461094,0.02171885408461094
251,0.01536476705223322,0.01536476705223322,0.02054567262530327,0.02054567262530327
252,0.015147309750318527,0.015147309750318527,0.02248559519648552,0.02248559519648552
253,0.015178688801825047,0.015178688801825047,0.022605136036872864,0.022605136036872864
254,0.01515940297394991,0.01515940297394991,0.026306508108973503,0.026306508108973503
255,0.015113591216504574,0.015113591216504574,0.020861521363258362,0.020861521363258362
256,0.015100172720849514,0.015100172720849514,0.019682949408888817,0.019682949408888817
257,0.015085631050169468,0.015085631050169468,0.019300129264593124,0.019300129264593124
258,0.015149210579693317,0.015149210579693317,0.025632457807660103,0.025632457807660103
259,0.01498621329665184,0.01498621329665184,0.02023264393210411,0.02023264393210411
260,0.01511488389223814,0.01511488389223814,0.022393848747015,0.022393848747015
261,0.015048832632601261,0.015048832632601261,0.021916409954428673,0.021916409954428673
262,0.015054457820951939,0.015054457820951939,0.020935745909810066,0.020935745909810066
263,0.014900336973369122,0.014900336973369122,0.017314262688159943,0.017314262688159943
264,0.015011447481811047,0.015011447481811047,0.028035201132297516,0.028035201132297516
265,0.015004943124949932,0.015004943124949932,0.018343226984143257,0.018343226984143257
266,0.01509436871856451,0.01509436871856451,0.02936042658984661,0.02936042658984661
267,0.0150337815284729,0.0150337815284729,0.02291983924806118,0.02291983924806118
268,0.015023506246507168,0.015023506246507168,0.024052560329437256,0.024052560329437256
269,0.014900133945047855,0.014900133945047855,0.03418930992484093,0.03418930992484093
270,0.014983086846768856,0.014983086846768856,0.026798389852046967,0.026798389852046967
271,0.014871988445520401,0.014871988445520401,0.024696217849850655,0.024696217849850655
272,0.014842748641967773,0.014842748641967773,0.02224399521946907,0.02224399521946907
273,0.014844581484794617,0.014844581484794617,0.019175205379724503,0.019175205379724503
274,0.014988352544605732,0.014988352544605732,0.020946074277162552,0.020946074277162552
275,0.014827468432486057,0.014827468432486057,0.02909076027572155,0.02909076027572155
276,0.014734736643731594,0.014734736643731594,0.02107951045036316,0.02107951045036316
277,0.014831291511654854,0.014831291511654854,0.025395696982741356,0.025395696982741356
278,0.014835686422884464,0.014835686422884464,0.0195634663105011,0.0195634663105011
279,0.014745037071406841,0.014745037071406841,0.02455315738916397,0.02455315738916397
280,0.014776074327528477,0.014776074327528477,0.017173128202557564,0.017173128202557564
281,0.014813046902418137,0.014813046902418137,0.015855858102440834,0.015855858102440834
282,0.014656058512628078,0.014656058512628078,0.022343222051858902,0.022343222051858902
283,0.01480341050773859,0.01480341050773859,0.02135375887155533,0.02135375887155533
284,0.014740056358277798,0.014740056358277798,0.020625920966267586,0.020625920966267586
285,0.014777489937841892,0.014777489937841892,0.023376012220978737,0.023376012220978737
286,0.01464934553951025,0.01464934553951025,0.016180146485567093,0.016180146485567093
287,0.014689448289573193,0.014689448289573193,0.021498536691069603,0.021498536691069603
288,0.014633956365287304,0.014633956365287304,0.021463152021169662,0.021463152021169662
289,0.014660525135695934,0.014660525135695934,0.02276638336479664,0.02276638336479664
290,0.014633751474320889,0.014633751474320889,0.022520549595355988,0.022520549595355988
291,0.014534085057675838,0.014534085057675838,0.02055509388446808,0.02055509388446808
292,0.014616908505558968,0.014616908505558968,0.01681986264884472,0.01681986264884472
293,0.014512999914586544,0.014512999914586544,0.028984051197767258,0.028984051197767258
294,0.014505336992442608,0.014505336992442608,0.019940413534641266,0.019940413534641266
295,0.014628494158387184,0.014628494158387184,0.0183042474091053,0.0183042474091053
296,0.014736880548298359,0.014736880548298359,0.01889118365943432,0.01889118365943432
297,0.014614014886319637,0.014614014886319637,0.014924407936632633,0.014924407936632633
298,0.014571183361113071,0.014571183361113071,0.016141539439558983,0.016141539439558983
299,0.014638596214354038,0.014638596214354038,0.023030387237668037,0.023030387237668037
300,0.014579103328287601,0.014579103328287601,0.02018151991069317,0.02018151991069317
301,0.014568550512194633,0.014568550512194633,0.01839636079967022,0.01839636079967022
302,0.014624247327446938,0.014624247327446938,0.021870028227567673,0.021870028227567673
303,0.014734714291989803,0.014734714291989803,0.018624315038323402,0.018624315038323402
304,0.014631655998528004,0.014631655998528004,0.03613671660423279,0.03613671660423279
305,0.014532034285366535,0.014532034285366535,0.021875718608498573,0.021875718608498573
306,0.014523707330226898,0.014523707330226898,0.021871691569685936,0.021871691569685936
307,0.014401254244148731,0.014401254244148731,0.017468182370066643,0.017468182370066643
308,0.01433755736798048,0.01433755736798048,0.016070114448666573,0.016070114448666573
309,0.014414266683161259,0.014414266683161259,0.0184214785695076,0.0184214785695076
310,0.014486738480627537,0.014486738480627537,0.017242761328816414,0.017242761328816414
311,0.014431605115532875,0.014431605115532875,0.023025158792734146,0.023025158792734146
312,0.014406360685825348,0.014406360685825348,0.019776448607444763,0.019776448607444763
313,0.014234795235097408,0.014234795235097408,0.018320675939321518,0.018320675939321518
314,0.01437531691044569,0.01437531691044569,0.015607601031661034,0.015607601031661034
315,0.01429926510900259,0.01429926510900259,0.017162179574370384,0.017162179574370384
316,0.014352296479046345,0.014352296479046345,0.016982028260827065,0.016982028260827065
317,0.014413825236260891,0.014413825236260891,0.020708905532956123,0.020708905532956123
318,0.01437888853251934,0.01437888853251934,0.020957712084054947,0.020957712084054947
319,0.014367670752108097,0.014367670752108097,0.016187144443392754,0.016187144443392754
320,0.014166636392474174,0.014166636392474174,0.020460644736886024,0.020460644736886024
321,0.014212066307663918,0.014212066307663918,0.017593935132026672,0.017593935132026672
322,0.014263696037232876,0.014263696037232876,0.01768334209918976,0.01768334209918976
323,0.014263729564845562,0.014263729564845562,0.01758003979921341,0.01758003979921341
324,0.014267325401306152,0.014267325401306152,0.01745092123746872,0.01745092123746872
325,0.014179931953549385,0.014179931953549385,0.018070248886942863,0.018070248886942863
326,0.014170782640576363,0.014170782640576363,0.027621068060398102,0.027621068060398102
327,0.014271537773311138,0.014271537773311138,0.015528963878750801,0.015528963878750801
328,0.014257295057177544,0.014257295057177544,0.020090246573090553,0.020090246573090553
329,0.014006208628416061,0.014006208628416061,0.015850262716412544,0.015850262716412544
330,0.014115854166448116,0.014115854166448116,0.02099643461406231,0.02099643461406231
331,0.014110928401350975,0.014110928401350975,0.019842511042952538,0.019842511042952538
332,0.014135327190160751,0.014135327190160751,0.0206435713917017,0.0206435713917017
333,0.01413381565362215,0.01413381565362215,0.021446814760565758,0.021446814760565758
334,0.014149093069136143,0.014149093069136143,0.01800178550183773,0.01800178550183773
335,0.014129891991615295,0.014129891991615295,0.016366692259907722,0.016366692259907722
336,0.014000610448420048,0.014000610448420048,0.0154794380068779,0.0154794380068779
337,0.014124872162938118,0.014124872162938118,0.01840297505259514,0.01840297505259514
338,0.014212822541594505,0.014212822541594505,0.01876029372215271,0.01876029372215271
339,0.01406041905283928,0.01406041905283928,0.016468971967697144,0.016468971967697144
340,0.014118367806077003,0.014118367806077003,0.021438704803586006,0.021438704803586006
341,0.01400805450975895,0.01400805450975895,0.016040252521634102,0.016040252521634102
342,0.013972148299217224,0.013972148299217224,0.015855228528380394,0.015855228528380394
343,0.013878422789275646,0.013878422789275646,0.017922932282090187,0.017922932282090187
344,0.013978559523820877,0.013978559523820877,0.02959621697664261,0.02959621697664261
345,0.014061566442251205,0.014061566442251205,0.019234560430049896,0.019234560430049896
346,0.013925446197390556,0.013925446197390556,0.018461517989635468,0.018461517989635468
347,0.01401855330914259,0.01401855330914259,0.0184688251465559,0.0184688251465559
348,0.013969313353300095,0.013969313353300095,0.01610467955470085,0.01610467955470085
349,0.014004206284880638,0.014004206284880638,0.020457519218325615,0.020457519218325615
350,0.01391691155731678,0.01391691155731678,0.014973013661801815,0.014973013661801815
351,0.014000649563968182,0.014000649563968182,0.01590011455118656,0.01590011455118656
352,0.013872233219444752,0.013872233219444752,0.016788765788078308,0.016788765788078308
353,0.0139000928029418,0.0139000928029418,0.01583290845155716,0.01583290845155716
354,0.013960648328065872,0.013960648328065872,0.01622444950044155,0.01622444950044155
355,0.013796241022646427,0.013796241022646427,0.013684543780982494,0.013684543780982494
356,0.013810830190777779,0.013810830190777779,0.016663646325469017,0.016663646325469017
357,0.013895440846681595,0.013895440846681595,0.016971148550510406,0.016971148550510406
358,0.013962932862341404,0.013962932862341404,0.01654570735991001,0.01654570735991001
359,0.013761669397354126,0.013761669397354126,0.015585271641612053,0.015585271641612053
360,0.014062796719372272,0.014062796719372272,0.01597157120704651,0.01597157120704651
361,0.013882034458220005,0.013882034458220005,0.017607569694519043,0.017607569694519043
362,0.013973231427371502,0.013973231427371502,0.016719087958335876,0.016719087958335876
363,0.013731949031352997,0.013731949031352997,0.020760754123330116,0.020760754123330116
364,0.01377888023853302,0.01377888023853302,0.020024746656417847,0.020024746656417847
365,0.013873999007046223,0.013873999007046223,0.016506846994161606,0.016506846994161606
366,0.013813255354762077,0.013813255354762077,0.015484134666621685,0.015484134666621685
367,0.013778681866824627,0.013778681866824627,0.0161462239921093,0.0161462239921093
368,0.013757133856415749,0.013757133856415749,0.01633201725780964,0.01633201725780964
369,0.01385666336864233,0.01385666336864233,0.01721850596368313,0.01721850596368313
370,0.01385705079883337,0.01385705079883337,0.021156173199415207,0.021156173199415207
371,0.013764048926532269,0.013764048926532269,0.01547727920114994,0.01547727920114994
372,0.01374642364680767,0.01374642364680767,0.01655479706823826,0.01655479706823826
373,0.013779964298009872,0.013779964298009872,0.014264386147260666,0.014264386147260666
374,0.013864591717720032,0.013864591717720032,0.016766484826803207,0.016766484826803207
375,0.013687742874026299,0.013687742874026299,0.01718786545097828,0.01718786545097828
376,0.013728102669119835,0.013728102669119835,0.019683770835399628,0.019683770835399628
377,0.01360351499170065,0.01360351499170065,0.022947924211621284,0.022947924211621284
378,0.013666787184774876,0.013666787184774876,0.01404600776731968,0.01404600776731968
379,0.01365741714835167,0.01365741714835167,0.016732770949602127,0.016732770949602127
380,0.01370430737733841,0.01370430737733841,0.01680772379040718,0.01680772379040718
381,0.013820243068039417,0.013820243068039417,0.016416437923908234,0.016416437923908234
382,0.013800506480038166,0.013800506480038166,0.014098770916461945,0.014098770916461945
383,0.013804296031594276,0.013804296031594276,0.016433335840702057,0.016433335840702057
384,0.013660525903105736,0.013660525903105736,0.0156314205378294,0.0156314205378294
385,0.013651568442583084,0.013651568442583084,0.016972115263342857,0.016972115263342857
386,0.013683341443538666,0.013683341443538666,0.015019841492176056,0.015019841492176056
387,0.01371921505779028,0.01371921505779028,0.018409252166748047,0.018409252166748047
388,0.013638496398925781,0.013638496398925781,0.01583610102534294,0.01583610102534294
389,0.013685127720236778,0.013685127720236778,0.01608641818165779,0.01608641818165779
390,0.013500204309821129,0.013500204309821129,0.016217470169067383,0.016217470169067383
391,0.013695267960429192,0.013695267960429192,0.015263598412275314,0.015263598412275314
392,0.013522178865969181,0.013522178865969181,0.016013463959097862,0.016013463959097862
393,0.013680947944521904,0.013680947944521904,0.016416464000940323,0.016416464000940323
394,0.013508838601410389,0.013508838601410389,0.017908276990056038,0.017908276990056038
395,0.013647351413965225,0.013647351413965225,0.014220580458641052,0.014220580458641052
396,0.013397909700870514,0.013397909700870514,0.02539156749844551,0.02539156749844551
397,0.013730744831264019,0.013730744831264019,0.01624434068799019,0.01624434068799019
398,0.013733320869505405,0.013733320869505405,0.015394468791782856,0.015394468791782856
399,0.013500981032848358,0.013500981032848358,0.014557071961462498,0.014557071961462498
400,0.013601619750261307,0.013601619750261307,0.01790425181388855,0.01790425181388855
401,0.013607638888061047,0.013607638888061047,0.014965500682592392,0.014965500682592392
402,0.0135731752961874,0.0135731752961874,0.015894493088126183,0.015894493088126183
403,0.013704737648367882,0.013704737648367882,0.015722230076789856,0.015722230076789856
404,0.01351788081228733,0.01351788081228733,0.018467389047145844,0.018467389047145844
405,0.01363725122064352,0.01363725122064352,0.02047411911189556,0.02047411911189556
406,0.013534360565245152,0.013534360565245152,0.015258276835083961,0.015258276835083961
407,0.013477904722094536,0.013477904722094536,0.019825391471385956,0.019825391471385956
408,0.013482636772096157,0.013482636772096157,0.01909416913986206,0.01909416913986206
409,0.013490644283592701,0.013490644283592701,0.01550460048019886,0.01550460048019886
410,0.013441083952784538,0.013441083952784538,0.014561918564140797,0.014561918564140797
411,0.013461675494909286,0.013461675494909286,0.016064893454313278,0.016064893454313278
412,0.013402892276644707,0.013402892276644707,0.01711135357618332,0.01711135357618332
413,0.01347077451646328,0.01347077451646328,0.019163325428962708,0.019163325428962708
414,0.013385352678596973,0.013385352678596973,0.014808873645961285,0.014808873645961285
415,0.013443881645798683,0.013443881645798683,0.014787706546485424,0.014787706546485424
416,0.01334386970847845,0.01334386970847845,0.014426931738853455,0.014426931738853455
417,0.013347739353775978,0.013347739353775978,0.014482188038527966,0.014482188038527966
418,0.013349926099181175,0.013349926099181175,0.016479764133691788,0.016479764133691788
419,0.013475637882947922,0.013475637882947922,0.014598013833165169,0.014598013833165169
420,0.013343483209609985,0.013343483209609985,0.014213558286428452,0.014213558286428452
421,0.013375693000853062,0.013375693000853062,0.014980435371398926,0.014980435371398926
422,0.01333546545356512,0.01333546545356512,0.014188729226589203,0.014188729226589203
423,0.013461059890687466,0.013461059890687466,0.016207676380872726,0.016207676380872726
424,0.013275443576276302,0.013275443576276302,0.01497491542249918,0.01497491542249918
425,0.01331054326146841,0.01331054326146841,0.01554527785629034,0.01554527785629034
426,0.013282635249197483,0.013282635249197483,0.015801168978214264,0.015801168978214264
427,0.013243081979453564,0.013243081979453564,0.01514477375894785,0.01514477375894785
428,0.013310353271663189,0.013310353271663189,0.014930362813174725,0.014930362813174725
429,0.013235662132501602,0.013235662132501602,0.019414609298110008,0.019414609298110008
430,0.01337781548500061,0.01337781548500061,0.014312843792140484,0.014312843792140484
431,0.013278490863740444,0.013278490863740444,0.014077916741371155,0.014077916741371155
432,0.013177746906876564,0.013177746906876564,0.014055670239031315,0.014055670239031315
433,0.013175329193472862,0.013175329193472862,0.016047010198235512,0.016047010198235512
434,0.013250534422695637,0.013250534422695637,0.01455717720091343,0.01455717720091343
435,0.013192133978009224,0.013192133978009224,0.016835933551192284,0.016835933551192284
436,0.013216274790465832,0.013216274790465832,0.015304144471883774,0.015304144471883774
437,0.013321701437234879,0.013321701437234879,0.016083361580967903,0.016083361580967903
438,0.013160493224859238,0.013160493224859238,0.014573526568710804,0.014573526568710804
439,0.013317958451807499,0.013317958451807499,0.01612929254770279,0.01612929254770279
440,0.013340217061340809,0.013340217061340809,0.015923190861940384,0.015923190861940384
441,0.013168844394385815,0.013168844394385815,0.01968155987560749,0.01968155987560749
442,0.013323025777935982,0.013323025777935982,0.013969927094876766,0.013969927094876766
443,0.013137833215296268,0.013137833215296268,0.01401648297905922,0.01401648297905922
444,0.01318461075425148,0.01318461075425148,0.0177796371281147,0.0177796371281147
445,0.0130497757345438,0.0130497757345438,0.014222047291696072,0.014222047291696072
446,0.01321423053741455,0.01321423053741455,0.015893476083874702,0.015893476083874702
447,0.013190487399697304,0.013190487399697304,0.01409098319709301,0.01409098319709301
448,0.013077439740300179,0.013077439740300179,0.017957225441932678,0.017957225441932678
449,0.013187399134039879,0.013187399134039879,0.01593254692852497,0.01593254692852497
450,0.013121976517140865,0.013121976517140865,0.014587672427296638,0.014587672427296638
451,0.013042294420301914,0.013042294420301914,0.01367126777768135,0.01367126777768135
452,0.01327201072126627,0.01327201072126627,0.014994380995631218,0.014994380995631218
453,0.013087566941976547,0.013087566941976547,0.014789043925702572,0.014789043925702572
454,0.013158591464161873,0.013158591464161873,0.01483288872987032,0.01483288872987032
455,0.013152024708688259,0.013152024708688259,0.01612911745905876,0.01612911745905876
456,0.013226938433945179,0.013226938433945179,0.015689440071582794,0.015689440071582794
457,0.013085857965052128,0.013085857965052128,0.021132269874215126,0.021132269874215126
458,0.013119150884449482,0.013119150884449482,0.015125414356589317,0.015125414356589317
459,0.013025609776377678,0.013025609776377678,0.015278871171176434,0.015278871171176434
460,0.013192982412874699,0.013192982412874699,0.01516298670321703,0.01516298670321703
461,0.01306762546300888,0.01306762546300888,0.015287993475794792,0.015287993475794792
462,0.013046865351498127,0.013046865351498127,0.015411700122058392,0.015411700122058392
463,0.013118770904839039,0.013118770904839039,0.017287807539105415,0.017287807539105415
464,0.013193958438932896,0.013193958438932896,0.01868744194507599,0.01868744194507599
465,0.01324759516865015,0.01324759516865015,0.014254210516810417,0.014254210516810417
466,0.013113977387547493,0.013113977387547493,0.014978602528572083,0.014978602528572083
467,0.013205546885728836,0.013205546885728836,0.01511282566934824,0.01511282566934824
468,0.013080697506666183,0.013080697506666183,0.015582882799208164,0.015582882799208164
469,0.01306214276701212,0.01306214276701212,0.013939515687525272,0.013939515687525272
470,0.013038380071520805,0.013038380071520805,0.016938330605626106,0.016938330605626106
471,0.013096400536596775,0.013096400536596775,0.014480267651379108,0.014480267651379108
472,0.013146969489753246,0.013146969489753246,0.01573350466787815,0.01573350466787815
473,0.013165799900889397,0.013165799900889397,0.014463390223681927,0.014463390223681927
474,0.01305494736880064,0.01305494736880064,0.018383324146270752,0.018383324146270752
475,0.012996751815080643,0.012996751815080643,0.014770008623600006,0.014770008623600006
476,0.013110514730215073,0.013110514730215073,0.01509721577167511,0.01509721577167511
477,0.01300094835460186,0.01300094835460186,0.017036501318216324,0.017036501318216324
478,0.013103216886520386,0.013103216886520386,0.017628740519285202,0.017628740519285202
479,0.013093147426843643,0.013093147426843643,0.016872771084308624,0.016872771084308624
480,0.012899569235742092,0.012899569235742092,0.013614670373499393,0.013614670373499393
481,0.013059034012258053,0.013059034012258053,0.013768901117146015,0.013768901117146015
482,0.01311167236417532,0.01311167236417532,0.014303424395620823,0.014303424395620823
483,0.012933776713907719,0.012933776713907719,0.014651219360530376,0.014651219360530376
484,0.013007158413529396,0.013007158413529396,0.014881851151585579,0.014881851151585579
485,0.012939011678099632,0.012939011678099632,0.01640518568456173,0.01640518568456173
486,0.013031888753175735,0.013031888753175735,0.016758104786276817,0.016758104786276817
487,0.01292787492275238,0.01292787492275238,0.01616707630455494,0.01616707630455494
488,0.013034919276833534,0.013034919276833534,0.014898208901286125,0.014898208901286125
489,0.01291700266301632,0.01291700266301632,0.01566893793642521,0.01566893793642521
490,0.01307874545454979,0.01307874545454979,0.014979561790823936,0.014979561790823936
491,0.012900711968541145,0.012900711968541145,0.014821257442235947,0.014821257442235947
492,0.012903157621622086,0.012903157621622086,0.014433140866458416,0.014433140866458416
493,0.012971394695341587,0.012971394695341587,0.013908482156693935,0.013908482156693935
494,0.012885056436061859,0.012885056436061859,0.01392181683331728,0.01392181683331728
495,0.012824146077036858,0.012824146077036858,0.014751508831977844,0.014751508831977844
496,0.012832488864660263,0.012832488864660263,0.015802668407559395,0.015802668407559395
497,0.012919270433485508,0.012919270433485508,0.013832476921379566,0.013832476921379566
498,0.01281361747533083,0.01281361747533083,0.016581449657678604,0.016581449657678604
499,0.01287088356912136,0.01287088356912136,0.013230076991021633,0.013230076991021633
500,0.012752559967339039,0.012752559967339039,0.014608639292418957,0.014608639292418957
501,0.012821875512599945,0.012821875512599945,0.015532705001533031,0.015532705001533031
502,0.012874976731836796,0.012874976731836796,0.01275124866515398,0.01275124866515398
503,0.012803036719560623,0.012803036719560623,0.01683063805103302,0.01683063805103302
504,0.012848541140556335,0.012848541140556335,0.01516067422926426,0.01516067422926426
505,0.01277540810406208,0.01277540810406208,0.01457702461630106,0.01457702461630106
506,0.012826603837311268,0.012826603837311268,0.013914900831878185,0.013914900831878185
507,0.012955637648701668,0.012955637648701668,0.01485208049416542,0.01485208049416542
508,0.01286459993571043,0.01286459993571043,0.013856185600161552,0.013856185600161552
509,0.012894920073449612,0.012894920073449612,0.015433922410011292,0.015433922410011292
510,0.012933528050780296,0.012933528050780296,0.013067865744233131,0.013067865744233131
511,0.012908159755170345,0.012908159755170345,0.015450293198227882,0.015450293198227882
512,0.012932736426591873,0.012932736426591873,0.016129517927765846,0.016129517927765846
513,0.012821966782212257,0.012821966782212257,0.016140341758728027,0.016140341758728027
514,0.01284954883158207,0.01284954883158207,0.017733631655573845,0.017733631655573845
515,0.012813110835850239,0.012813110835850239,0.01362346950918436,0.01362346950918436
516,0.012696589343249798,0.012696589343249798,0.013333186507225037,0.013333186507225037
517,0.012790518812835217,0.012790518812835217,0.01422807201743126,0.01422807201743126
518,0.01279949489980936,0.01279949489980936,0.01767159067094326,0.01767159067094326
519,0.01271781511604786,0.01271781511604786,0.016170181334018707,0.016170181334018707
520,0.012740254402160645,0.012740254402160645,0.015438060276210308,0.015438060276210308
521,0.012840566225349903,0.012840566225349903,0.01466729398816824,0.01466729398816824
522,0.012718994170427322,0.012718994170427322,0.01692797988653183,0.01692797988653183
523,0.012798001058399677,0.012798001058399677,0.01436453964561224,0.01436453964561224
524,0.012694882228970528,0.012694882228970528,0.014130580238997936,0.014130580238997936
525,0.012754583731293678,0.012754583731293678,0.013418648391962051,0.013418648391962051
526,0.012861338444054127,0.012861338444054127,0.013218436390161514,0.013218436390161514
527,0.012634290382266045,0.012634290382266045,0.013258351013064384,0.013258351013064384
528,0.012795262038707733,0.012795262038707733,0.014352701604366302,0.014352701604366302
529,0.012771067209541798,0.012771067209541798,0.017344940453767776,0.017344940453767776
530,0.012686393223702908,0.012686393223702908,0.016775907948613167,0.016775907948613167
531,0.012668983079493046,0.012668983079493046,0.016328265890479088,0.016328265890479088
532,0.012697622179985046,0.012697622179985046,0.01441566925495863,0.01441566925495863
533,0.012661960907280445,0.012661960907280445,0.013837415724992752,0.013837415724992752
534,0.012695585377514362,0.012695585377514362,0.01508337166160345,0.01508337166160345
535,0.012751452624797821,0.012751452624797821,0.01568661443889141,0.01568661443889141
536,0.012789282016456127,0.012789282016456127,0.01384492963552475,0.01384492963552475
537,0.012889495119452477,0.012889495119452477,0.015059227123856544,0.015059227123856544
538,0.012702496722340584,0.012702496722340584,0.015146158635616302,0.015146158635616302
539,0.012686102651059628,0.012686102651059628,0.013571066781878471,0.013571066781878471
540,0.012668195180594921,0.012668195180594921,0.014506790786981583,0.014506790786981583
541,0.012881265953183174,0.012881265953183174,0.013806421309709549,0.013806421309709549
542,0.012926722876727581,0.012926722876727581,0.013618740253150463,0.013618740253150463
543,0.01259660068899393,0.01259660068899393,0.014332588762044907,0.014332588762044907
544,0.012592601589858532,0.012592601589858532,0.013837344013154507,0.013837344013154507
545,0.01280286069959402,0.01280286069959402,0.01621943898499012,0.01621943898499012
546,0.012641745619475842,0.012641745619475842,0.013732326216995716,0.013732326216995716
547,0.012617791071534157,0.012617791071534157,0.013941355980932713,0.013941355980932713
548,0.01272367499768734,0.01272367499768734,0.0156338382512331,0.0156338382512331
549,0.01259379368275404,0.01259379368275404,0.01673133485019207,0.01673133485019207
550,0.012748301960527897,0.012748301960527897,0.01544948760420084,0.01544948760420084
551,0.01278662495315075,0.01278662495315075,0.014119494706392288,0.014119494706392288
552,0.012702427804470062,0.012702427804470062,0.01290243212133646,0.01290243212133646
553,0.012587716802954674,0.012587716802954674,0.016499808058142662,0.016499808058142662
554,0.012613339349627495,0.012613339349627495,0.015129592269659042,0.015129592269659042
555,0.012576568871736526,0.012576568871736526,0.013261513784527779,0.013261513784527779
556,0.01261723693460226,0.01261723693460226,0.01532403752207756,0.01532403752207756
557,0.01271005254238844,0.01271005254238844,0.013540863990783691,0.013540863990783691
558,0.012733441777527332,0.012733441777527332,0.013873284682631493,0.013873284682631493
559,0.012546378187835217,0.012546378187835217,0.013154130429029465,0.013154130429029465
560,0.012591559439897537,0.012591559439897537,0.013930989429354668,0.013930989429354668
561,0.012577781453728676,0.012577781453728676,0.013954270631074905,0.013954270631074905
562,0.012575939297676086,0.012575939297676086,0.014898010529577732,0.014898010529577732
563,0.01253475435078144,0.01253475435078144,0.01486519817262888,0.01486519817262888
564,0.01255772914737463,0.01255772914737463,0.015484723262488842,0.015484723262488842
565,0.012551892548799515,0.012551892548799515,0.014346255920827389,0.014346255920827389
566,0.012518789619207382,0.012518789619207382,0.013942624442279339,0.013942624442279339
567,0.012500826269388199,0.012500826269388199,0.013583742082118988,0.013583742082118988
568,0.012518271803855896,0.012518271803855896,0.016909267753362656,0.016909267753362656
569,0.012574936263263226,0.012574936263263226,0.015372107736766338,0.015372107736766338
570,0.012622841633856297,0.012622841633856297,0.013653362169861794,0.013653362169861794
571,0.01243534591048956,0.01243534591048956,0.019071195274591446,0.019071195274591446
572,0.012590196914970875,0.012590196914970875,0.012684253044426441,0.012684253044426441
573,0.012554118409752846,0.012554118409752846,0.015520906075835228,0.015520906075835228
574,0.012534835375845432,0.012534835375845432,0.01437323447316885,0.01437323447316885
575,0.01246379129588604,0.01246379129588604,0.014020822942256927,0.014020822942256927
576,0.012466291896998882,0.012466291896998882,0.017370203509926796,0.017370203509926796
577,0.012567698024213314,0.012567698024213314,0.014907078817486763,0.014907078817486763
578,0.01261888351291418,0.01261888351291418,0.016046473756432533,0.016046473756432533
579,0.012580170296132565,0.012580170296132565,0.01751149632036686,0.01751149632036686
580,0.012529888190329075,0.012529888190329075,0.013747329823672771,0.013747329823672771
581,0.012504092417657375,0.012504092417657375,0.014981989748775959,0.014981989748775959
582,0.012509338557720184,0.012509338557720184,0.013255677185952663,0.013255677185952663
583,0.012531658634543419,0.012531658634543419,0.016168219968676567,0.016168219968676567
584,0.012589427642524242,0.012589427642524242,0.014340163208544254,0.014340163208544254
585,0.012481192126870155,0.012481192126870155,0.014173470437526703,0.014173470437526703
586,0.01273465994745493,0.01273465994745493,0.017612380906939507,0.017612380906939507
587,0.012598875910043716,0.012598875910043716,0.014073597267270088,0.014073597267270088
588,0.012647641822695732,0.012647641822695732,0.013717485591769218,0.013717485591769218
589,0.012517564930021763,0.012517564930021763,0.013772204518318176,0.013772204518318176
590,0.01249974686652422,0.01249974686652422,0.012958499602973461,0.012958499602973461
591,0.012525776401162148,0.012525776401162148,0.014502720907330513,0.014502720907330513
592,0.012397866696119308,0.012397866696119308,0.017797697335481644,0.017797697335481644
593,0.01244459766894579,0.01244459766894579,0.012962250038981438,0.012962250038981438
594,0.0124265281483531,0.0124265281483531,0.014966567978262901,0.014966567978262901
595,0.012476872652769089,0.012476872652769089,0.013443979434669018,0.013443979434669018
596,0.012472022324800491,0.012472022324800491,0.014628293924033642,0.014628293924033642
597,0.012472197413444519,0.012472197413444519,0.014363974332809448,0.014363974332809448
598,0.012413203716278076,0.012413203716278076,0.014813069254159927,0.014813069254159927
599,0.01237501110881567,0.01237501110881567,0.012693194672465324,0.012693194672465324
600,0.012382864952087402,0.012382864952087402,0.014025723561644554,0.014025723561644554
601,0.012436973862349987,0.012436973862349987,0.012916984967887402,0.012916984967887402
602,0.012443462386727333,0.012443462386727333,0.012958826497197151,0.012958826497197151
603,0.012422236613929272,0.012422236613929272,0.015744648873806,0.015744648873806
604,0.012409627437591553,0.012409627437591553,0.013123931363224983,0.013123931363224983
605,0.012387101538479328,0.012387101538479328,0.013719399459660053,0.013719399459660053
606,0.012385048903524876,0.012385048903524876,0.014375798404216766,0.014375798404216766
607,0.012412060983479023,0.012412060983479023,0.014424685388803482,0.014424685388803482
608,0.012354858219623566,0.012354858219623566,0.013423177413642406,0.013423177413642406
609,0.012503059580922127,0.012503059580922127,0.014305077493190765,0.014305077493190765
610,0.01233163196593523,0.01233163196593523,0.01617165096104145,0.01617165096104145
611,0.012448898516595364,0.012448898516595364,0.013408132828772068,0.013408132828772068
612,0.01237709354609251,0.01237709354609251,0.012801202945411205,0.012801202945411205
613,0.012295645661652088,0.012295645661652088,0.014136160723865032,0.014136160723865032
614,0.012463639490306377,0.012463639490306377,0.01541104819625616,0.01541104819625616
615,0.012437582015991211,0.012437582015991211,0.015576806850731373,0.015576806850731373
616,0.012362450361251831,0.012362450361251831,0.012604918330907822,0.012604918330907822
617,0.012307543307542801,0.012307543307542801,0.014029176905751228,0.014029176905751228
618,0.012339640408754349,0.012339640408754349,0.014226224273443222,0.014226224273443222
619,0.012265861965715885,0.012265861965715885,0.013954078778624535,0.013954078778624535
620,0.01240792591124773,0.01240792591124773,0.014367369934916496,0.014367369934916496
621,0.012374947778880596,0.012374947778880596,0.014537092298269272,0.014537092298269272
622,0.012299193069338799,0.012299193069338799,0.014062652364373207,0.014062652364373207
623,0.012306603603065014,0.012306603603065014,0.013441275805234909,0.013441275805234909
624,0.012203320860862732,0.012203320860862732,0.015616390854120255,0.015616391785442829
625,0.012420548126101494,0.012420548126101494,0.013813215307891369,0.013813215307891369
626,0.012340334244072437,0.012340334244072437,0.013018963858485222,0.013018963858485222
627,0.012263546697795391,0.012263546697795391,0.01259301695972681,0.01259301695972681
628,0.012258147820830345,0.012258147820830345,0.015862489119172096,0.015862489119172096
629,0.012288159690797329,0.012288159690797329,0.012756352312862873,0.012756352312862873
630,0.012274417094886303,0.012274417094886303,0.015700576826930046,0.015700576826930046
631,0.01236675400286913,0.01236675400286913,0.012849836610257626,0.012849836610257626
632,0.012353639118373394,0.012353639118373394,0.014037800021469593,0.014037800021469593
633,0.012224482372403145,0.012224482372403145,0.015650738030672073,0.015650738030672073
634,0.012258424423635006,0.012258424423635006,0.014061701484024525,0.014061701484024525
635,0.012277401983737946,0.012277401983737946,0.01764426752924919,0.01764426752924919
636,0.012245169840753078,0.012245169840753078,0.015037131495773792,0.015037131495773792
637,0.012304789386689663,0.012304789386689663,0.013106121681630611,0.013106121681630611
638,0.012185161001980305,0.012185161001980305,0.012367761693894863,0.012367761693894863
639,0.012290054932236671,0.012290054932236671,0.01451193355023861,0.01451193355023861
640,0.012232338078320026,0.012232338078320026,0.014823764562606812,0.014823764562606812
641,0.01230695378035307,0.01230695378035307,0.013921957463026047,0.013921957463026047
642,0.012234923429787159,0.012234923429787159,0.012790246866643429,0.012790246866643429
643,0.012298746965825558,0.012298746965825558,0.014054365456104279,0.014054365456104279
644,0.012238859198987484,0.012238859198987484,0.01387004368007183,0.01387004368007183
645,0.012143053114414215,0.012143053114414215,0.013331378810107708,0.013331378810107708
646,0.012241444550454617,0.012241444550454617,0.013867792673408985,0.013867792673408985
647,0.012160276994109154,0.012160276994109154,0.013647097162902355,0.013647097162902355
648,0.012277630157768726,0.012277630157768726,0.013798561878502369,0.013798561878502369
649,0.012369413860142231,0.012369413860142231,0.013044259510934353,0.013044259510934353
650,0.012190315872430801,0.012190315872430801,0.013217940926551819,0.013217940926551819
651,0.012341643683612347,0.012341643683612347,0.013545878231525421,0.013545878231525421
652,0.012233290821313858,0.012233290821313858,0.014592749997973442,0.014592749997973442
653,0.012222770601511002,0.012222770601511002,0.013518755324184895,0.013518755324184895
654,0.012287457473576069,0.012287457473576069,0.013659140095114708,0.013659140095114708
655,0.01224997267127037,0.01224997267127037,0.014094295911490917,0.014094295911490917
656,0.012138747610151768,0.012138747610151768,0.01582651399075985,0.01582651399075985
657,0.012182149104773998,0.012182149104773998,0.014498830772936344,0.014498830772936344
658,0.012252052314579487,0.012252052314579487,0.01345947664231062,0.01345947664231062
659,0.012200872413814068,0.012200872413814068,0.01403392106294632,0.01403392106294632
660,0.012164794839918613,0.012164794839918613,0.013740790076553822,0.013740790076553822
661,0.012169740162789822,0.012169740162789822,0.013976389542222023,0.013976389542222023
662,0.012201487086713314,0.012201487086713314,0.013070602901279926,0.013070602901279926
663,0.01216853130608797,0.01216853130608797,0.012755529023706913,0.012755529023706913
664,0.012215785682201385,0.012215785682201385,0.012611753307282925,0.012611753307282925
665,0.012113280594348907,0.012113280594348907,0.013542398810386658,0.013542398810386658
666,0.012027513235807419,0.012027513235807419,0.01569158397614956,0.01569158397614956
667,0.012054063379764557,0.012054063379764557,0.014710105024278164,0.014710105024278164
668,0.012199051678180695,0.012199051678180695,0.014666298404335976,0.014666298404335976
669,0.012178917415440083,0.012178917415440083,0.013724558986723423,0.013724558986723423
670,0.012208277359604836,0.012208277359604836,0.013916891999542713,0.013916891999542713
671,0.012219682335853577,0.012219682335853577,0.012808339670300484,0.012808339670300484
672,0.012113098055124283,0.012113098055124283,0.01403792854398489,0.01403792854398489
673,0.01213937345892191,0.01213937345892191,0.013834936544299126,0.013834936544299126
674,0.012215291149914265,0.012215291149914265,0.014436505734920502,0.014436505734920502
675,0.012203388847410679,0.012203388847410679,0.01285925880074501,0.01285925880074501
676,0.012113855220377445,0.012113855220377445,0.013139013200998306,0.013139013200998306
677,0.01209248136729002,0.01209248136729002,0.01410706527531147,0.01410706527531147
678,0.012102826498448849,0.012102826498448849,0.012577364221215248,0.012577364221215248
679,0.01197628490626812,0.01197628490626812,0.01339334063231945,0.01339334063231945
680,0.012104028835892677,0.012104028835892677,0.013361722230911255,0.013361722230911255
681,0.012146917171776295,0.012146917171776295,0.015174731612205505,0.015174731612205505
682,0.012073634192347527,0.012073634192347527,0.014033688232302666,0.014033688232302666
683,0.01209754217416048,0.01209754217416048,0.01374827791005373,0.01374827791005373
684,0.012113519012928009,0.012113519012928009,0.014833497814834118,0.014833497814834118
685,0.012136666104197502,0.012136666104197502,0.013449031859636307,0.013449031859636307
686,0.01208189595490694,0.01208189595490694,0.017101608216762543,0.017101608216762543
687,0.01214726734906435,0.01214726734906435,0.015427803620696068,0.015427803620696068
688,0.012002204544842243,0.012002204544842243,0.01598564349114895,0.01598564349114895
689,0.012075882405042648,0.012075882405042648,0.013547861017286777,0.013547861017286777
690,0.01214445848017931,0.01214445848017931,0.013987007550895214,0.013987007550895214
691,0.012015942484140396,0.012015942484140396,0.015152486972510815,0.015152486972510815
692,0.012066197581589222,0.012066197581589222,0.01246105507016182,0.01246105507016182
693,0.0121454494073987,0.0121454494073987,0.014213189482688904,0.014213189482688904
694,0.011971917003393173,0.011971917003393173,0.013453357852995396,0.013453357852995396
695,0.012039253488183022,0.012039253488183022,0.01341729611158371,0.01341729611158371
696,0.012055045925080776,0.012055045925080776,0.014182569459080696,0.014182569459080696
697,0.01213732548058033,0.01213732548058033,0.012432132847607136,0.012432132847607136
698,0.012100683525204659,0.012100683525204659,0.013301481492817402,0.013301481492817402
699,0.012084863148629665,0.012084863148629665,0.013723107054829597,0.013723107054829597
700,0.01193107757717371,0.01193107757717371,0.013355602510273457,0.013355602510273457
701,0.01198611967265606,0.01198611967265606,0.013699986040592194,0.013699986040592194
702,0.012051460333168507,0.012051460333168507,0.012738840654492378,0.012738840654492378
703,0.012075365521013737,0.012075365521013737,0.01289443764835596,0.01289443764835596
704,0.012061198242008686,0.012061198242008686,0.014108792878687382,0.014108792878687382
705,0.01205179188400507,0.01205179188400507,0.01328642200678587,0.01328642200678587
706,0.0121265584602952,0.0121265584602952,0.01254244614392519,0.01254244614392519
707,0.012034766376018524,0.012034766376018524,0.014830666594207287,0.014830666594207287
708,0.012058825232088566,0.012058825232088566,0.013883877545595169,0.013883877545595169
709,0.012026224285364151,0.012026224285364151,0.012753777205944061,0.012753777205944061
710,0.012071576900780201,0.012071576900780201,0.013191177509725094,0.013191177509725094
711,0.012018196284770966,0.012018196284770966,0.013697282411158085,0.013697282411158085
712,0.011987956240773201,0.011987956240773201,0.013507746160030365,0.013507746160030365
713,0.01194261759519577,0.01194261759519577,0.013777663931250572,0.013777663931250572
714,0.01193965133279562,0.01193965133279562,0.012593133375048637,0.012593133375048637
715,0.012025910429656506,0.012025910429656506,0.012992024421691895,0.012992024421691895
716,0.012053271755576134,0.012053271755576134,0.014659580774605274,0.014659580774605274
717,0.011916875839233398,0.011916875839233398,0.014141296967864037,0.014141296967864037
718,0.012023755349218845,0.012023755349218845,0.013689743354916573,0.013689743354916573
719,0.012004789896309376,0.012004789896309376,0.014748451299965382,0.014748451299965382
720,0.01194443367421627,0.01194443367421627,0.014008501544594765,0.014008501544594765
721,0.01197774801403284,0.01197774801403284,0.013054119423031807,0.013054119423031807
722,0.011973507702350616,0.011973507702350616,0.013481305912137032,0.013481305912137032
723,0.011985951103270054,0.011985951103270054,0.012697889469563961,0.012697889469563961
724,0.012039980851113796,0.012039980851113796,0.013358911499381065,0.013358911499381065
725,0.011969830840826035,0.011969830840826035,0.014235297217965126,0.014235297217965126
726,0.011846682988107204,0.011846682988107204,0.016005558893084526,0.016005558893084526
727,0.011998605914413929,0.011998605914413929,0.013231441378593445,0.013231441378593445
728,0.012010408565402031,0.012010408565402031,0.01341239269822836,0.01341239269822836
729,0.011927641928195953,0.011927641928195953,0.014632614329457283,0.014632614329457283
730,0.01201844122260809,0.01201844122260809,0.012882019393146038,0.012882019393146038
731,0.011960562318563461,0.011960562318563461,0.013747123070061207,0.013747123070061207
732,0.011950058862566948,0.011950058862566948,0.014139228500425816,0.014139228500425816
733,0.012087149545550346,0.012087149545550346,0.01375518273562193,0.01375518273562193
734,0.0118715800344944,0.0118715800344944,0.013182159513235092,0.013182159513235092
735,0.011915618553757668,0.011915618553757668,0.012857754714787006,0.012857754714787006
736,0.011892644688487053,0.011892644688487053,0.014573556371033192,0.014573556371033192
737,0.011852205730974674,0.011852205730974674,0.013275045901536942,0.013275045901536942
738,0.011932548135519028,0.011932548135519028,0.012198480777442455,0.012198480777442455
739,0.01201579812914133,0.01201579812914133,0.014205596409738064,0.014205596409738064
740,0.011903846636414528,0.011903846636414528,0.01519486028701067,0.01519486028701067
741,0.011868112720549107,0.011868112720549107,0.013236958533525467,0.013236958533525467
742,0.01187057327479124,0.01187057327479124,0.012127027846872807,0.012127027846872807
743,0.011969596147537231,0.011969596147537231,0.013099944218993187,0.013099944218993187
744,0.011957087554037571,0.011957087554037571,0.013725166209042072,0.013725166209042072
745,0.011954810470342636,0.011954810470342636,0.01314709521830082,0.01314709521830082
746,0.011942758224904537,0.011942758224904537,0.01584157720208168,0.01584157720208168
747,0.011951843276619911,0.011951843276619911,0.01354246400296688,0.01354246400296688
748,0.011847383342683315,0.011847383342683315,0.01371784694492817,0.01371784694492817
749,0.01189037412405014,0.01189037412405014,0.013743521645665169,0.013743521645665169
750,0.011981168761849403,0.011981168761849403,0.01412092987447977,0.01412092987447977
751,0.012007034383714199,0.012007034383714199,0.012703088112175465,0.012703088112175465
752,0.011788038536906242,0.011788038536906242,0.013323444873094559,0.013323444873094559
753,0.011960191652178764,0.011960191652178764,0.013657932169735432,0.013657932169735432
754,0.011925746686756611,0.011925746686756611,0.012561569921672344,0.012561569921672344
755,0.011921561323106289,0.011921561323106289,0.01454290933907032,0.01454290933907032
756,0.011854601092636585,0.011854601092636585,0.013863179832696915,0.013863179832696915
757,0.01188573706895113,0.01188573706895113,0.012870656326413155,0.012870656326413155
758,0.01189451478421688,0.01189451478421688,0.013645648024976254,0.013645648024976254
759,0.0118497833609581,0.0118497833609581,0.014263545162975788,0.014263545162975788
760,0.011890754103660583,0.011890754103660583,0.013404970988631248,0.013404970988631248
761,0.011847957968711853,0.011847957968711853,0.014631912112236023,0.014631912112236023
762,0.011887772008776665,0.011887772008776665,0.014345047995448112,0.014345047995448112
763,0.011968160048127174,0.011968160048127174,0.014218690805137157,0.014218690805137157
764,0.011800161562860012,0.011800161562860012,0.01229052059352398,0.01229052059352398
765,0.011908694170415401,0.011908694170415401,0.01576368696987629,0.01576368696987629
766,0.011796943843364716,0.011796943843364716,0.015674374997615814,0.015674374997615814
767,0.01184623222798109,0.01184623222798109,0.0154181569814682,0.0154181569814682
768,0.01206865906715393,0.01206865906715393,0.013700327835977077,0.013700327835977077
769,0.01191422063857317,0.01191422063857317,0.014044487848877907,0.014044487848877907
770,0.011915888637304306,0.011915888637304306,0.014752882532775402,0.014752882532775402
771,0.011918476782739162,0.011918476782739162,0.013015864416956902,0.013015864416956902
772,0.011804066598415375,0.011804066598415375,0.015435139648616314,0.015435139648616314
773,0.01185493916273117,0.01185493916273117,0.01373298279941082,0.01373298279941082
774,0.011844666674733162,0.011844666674733162,0.013103600591421127,0.013103600591421127
775,0.011904864571988583,0.011904864571988583,0.017071954905986786,0.017071954905986786
776,0.011805069632828236,0.011805069632828236,0.01287832297384739,0.01287832297384739
777,0.011823545210063457,0.011823545210063457,0.013125031255185604,0.013125031255185604
778,0.011834855191409588,0.011834855191409588,0.012647378258407116,0.012647378258407116
779,0.011849376372992992,0.011849376372992992,0.014154481701552868,0.014154481701552868
780,0.011839009821414948,0.011839009821414948,0.013526451773941517,0.013526451773941517
781,0.011907129548490047,0.011907129548490047,0.0127439945936203,0.0127439945936203
782,0.011762301437556744,0.011762301437556744,0.0173831544816494,0.0173831544816494
783,0.011787506751716137,0.011787506751716137,0.013127610087394714,0.013127610087394714
784,0.011743390932679176,0.011743390932679176,0.013815950602293015,0.013815950602293015
785,0.011898298747837543,0.011898298747837543,0.013232951052486897,0.013232951052486897
786,0.01182514801621437,0.01182514801621437,0.014423302374780178,0.014423302374780178
787,0.011809871532022953,0.011809871532022953,0.01337506901472807,0.01337506901472807
788,0.011782466433942318,0.011782466433942318,0.01268409751355648,0.01268409751355648
789,0.011793619021773338,0.011793619021773338,0.013155577704310417,0.013155577704310417
790,0.011723109520971775,0.011723109520971775,0.012863588519394398,0.012863588519394398
791,0.011800874955952168,0.011800874955952168,0.014445635490119457,0.014445635490119457
792,0.011799885891377926,0.011799885891377926,0.01584652066230774,0.01584652066230774
793,0.011867632158100605,0.011867632158100605,0.013026852160692215,0.013026852160692215
794,0.01173076219856739,0.01173076219856739,0.013028997927904129,0.013028997927904129
795,0.011789154261350632,0.011789154261350632,0.012526153586804867,0.012526153586804867
796,0.011749044060707092,0.011749044060707092,0.012872290797531605,0.012872290797531605
797,0.011732500977814198,0.011732500977814198,0.013623899780213833,0.013623899780213833
798,0.011783728376030922,0.011783728376030922,0.0170885156840086,0.0170885156840086
799,0.011708634905517101,0.011708634905517101,0.013192999176681042,0.013192999176681042
800,0.01173972338438034,0.01173972338438034,0.012222379446029663,0.012222379446029663
801,0.01187687274068594,0.01187687274068594,0.014591698534786701,0.014591698534786701
802,0.011792531237006187,0.011792531237006187,0.015275582671165466,0.015275582671165466
803,0.01176256313920021,0.01176256313920021,0.015020042657852173,0.015020042657852173
804,0.011789035052061081,0.011789035052061081,0.012683026492595673,0.012683026492595673
805,0.011805079877376556,0.011805079877376556,0.013012317940592766,0.013012317940592766
806,0.011768369935452938,0.011768369935452938,0.012646999210119247,0.012646999210119247
807,0.011776111088693142,0.011776111088693142,0.01374260988086462,0.01374260988086462
808,0.01183484960347414,0.01183484960347414,0.014112685807049274,0.014112685807049274
809,0.011714878492057323,0.011714878492057323,0.012893700040876865,0.012893700040876865
810,0.011747553944587708,0.011747553944587708,0.013567694462835789,0.013567694462835789
811,0.011744657531380653,0.011744657531380653,0.013212725520133972,0.013212725520133972
812,0.011706213466823101,0.011706213466823101,0.015057933516800404,0.015057933516800404
813,0.01173281017690897,0.01173281017690897,0.014398387633264065,0.014398387633264065
814,0.011746303178369999,0.011746303178369999,0.013227498158812523,0.013227498158812523
815,0.011768551543354988,0.011768551543354988,0.015033739618957043,0.015033739618957043
816,0.011739480309188366,0.011739480309188366,0.015514974482357502,0.015514974482357502
817,0.011698262766003609,0.011698262766003609,0.014967801980674267,0.014967801980674267
818,0.011729058809578419,0.011729058809578419,0.013217729516327381,0.013217729516327381
819,0.011828172951936722,0.011828172951936722,0.013063090853393078,0.013063090853393078
820,0.011803600937128067,0.011803600937128067,0.013568608090281487,0.013568608090281487
821,0.011655276641249657,0.011655276641249657,0.014077821746468544,0.014077821746468544
822,0.011753135360777378,0.011753135360777378,0.012874433770775795,0.012874433770775795
823,0.011676658876240253,0.011676658876240253,0.013074490241706371,0.013074490241706371
824,0.01176734920591116,0.01176734920591116,0.012430362403392792,0.012430362403392792
825,0.011741472408175468,0.011741472408175468,0.012995780445635319,0.012995780445635319
826,0.011781647801399231,0.011781647801399231,0.013914856128394604,0.013914856128394604
827,0.01175402570515871,0.01175402570515871,0.013981422409415245,0.013981422409415245
828,0.011711089871823788,0.011711089871823788,0.013040667399764061,0.013040667399764061
829,0.011595328338444233,0.011595328338444233,0.013837248086929321,0.013837248086929321
830,0.011737627908587456,0.011737627908587456,0.012888067401945591,0.012888067401945591
831,0.011574825271964073,0.011574825271964073,0.013935592956840992,0.013935592956840992
832,0.011684374883770943,0.011684374883770943,0.013049490749835968,0.013049490749835968
833,0.011691543273627758,0.011691543273627758,0.013026731088757515,0.013026731088757515
834,0.011748542077839375,0.011748542077839375,0.013015031814575195,0.013015031814575195
835,0.011715568602085114,0.011715568602085114,0.014593837782740593,0.014593837782740593
836,0.011733770370483398,0.011733770370483398,0.013356436043977737,0.013356436043977737
837,0.011700160801410675,0.011700160801410675,0.014302660711109638,0.014302660711109638
838,0.011738467961549759,0.011738467961549759,0.012858395464718342,0.012858395464718342
839,0.011553587391972542,0.011553587391972542,0.013922637328505516,0.013922637328505516
840,0.01171015202999115,0.01171015202999115,0.012085795402526855,0.012085795402526855
841,0.011614899151027203,0.011614899151027203,0.013178147375583649,0.013178147375583649
842,0.011774135753512383,0.011774135753512383,0.013068943284451962,0.013068943284451962
843,0.011611966416239738,0.011611966416239738,0.014993885532021523,0.014993885532021523
844,0.011647012084722519,0.011647012084722519,0.013353929854929447,0.013353929854929447
845,0.011632210575044155,0.011632210575044155,0.012899905443191528,0.012899905443191528
846,0.011741033755242825,0.011741033755242825,0.012953121215105057,0.012953121215105057
847,0.011705863289535046,0.011705863289535046,0.01433229073882103,0.01433229073882103
848,0.011696978472173214,0.011696978472173214,0.014063507318496704,0.014063507318496704
849,0.011699375696480274,0.011699375696480274,0.013892587274312973,0.013892587274312973
850,0.011648010462522507,0.011648010462522507,0.013099320232868195,0.013099320232868195
851,0.01176320668309927,0.01176320668309927,0.015877660363912582,0.015877660363912582
852,0.011702683754265308,0.011702683754265308,0.013180135749280453,0.013180135749280453
853,0.0115807568654418,0.0115807568654418,0.013976536691188812,0.013976536691188812
854,0.011554444208741188,0.011554444208741188,0.012893417850136757,0.012893417850136757
855,0.011613127775490284,0.011613127775490284,0.014223214238882065,0.014223214238882065
856,0.011483397334814072,0.011483397334814072,0.013446399010717869,0.013446399010717869
857,0.01160099171102047,0.01160099171102047,0.014153489843010902,0.014153489843010902
858,0.011633473448455334,0.011633473448455334,0.014611034654080868,0.014611034654080868
859,0.011602196842432022,0.011602196842432022,0.014373758807778358,0.014373758807778358
860,0.01173800602555275,0.01173800602555275,0.011964648962020874,0.011964648962020874
861,0.011707248166203499,0.011707248166203499,0.012530509382486343,0.012530509382486343
862,0.011738446541130543,0.011738446541130543,0.013322282582521439,0.013322282582521439
863,0.011645405553281307,0.011645405553281307,0.013976901769638062,0.013976901769638062
864,0.01152085606008768,0.01152085606008768,0.013385948725044727,0.013385948725044727
865,0.011563386768102646,0.011563386768102646,0.014350452460348606,0.014350452460348606
866,0.011722072027623653,0.011722072027623653,0.012847348116338253,0.012847348116338253
867,0.011614250019192696,0.011614250019192696,0.013014775700867176,0.013014775700867176
868,0.011650827713310719,0.011650827713310719,0.013407443650066853,0.013407443650066853
869,0.011663381941616535,0.011663381941616535,0.01331106573343277,0.01331106573343277
870,0.011646273545920849,0.011646273545920849,0.011789172887802124,0.011789172887802124
871,0.011579164303839207,0.011579164303839207,0.01221025176346302,0.01221025176346302
872,0.011599651537835598,0.011599651537835598,0.014593936502933502,0.014593936502933502
873,0.011651965789496899,0.011651965789496899,0.013877027668058872,0.013877027668058872
874,0.011591627262532711,0.011591627262532711,0.012477274984121323,0.012477274984121323
875,0.011523611843585968,0.011523611843585968,0.012893183156847954,0.012893183156847954
876,0.011515617370605469,0.011515617370605469,0.014580708928406239,0.014580708928406239
877,0.011599346064031124,0.011599346064031124,0.013919590972363949,0.013919590972363949
878,0.011609725654125214,0.011609725654125214,0.013431135565042496,0.013431135565042496
879,0.011494186706840992,0.011494186706840992,0.013027613051235676,0.013027613051235676
880,0.011475336737930775,0.011475336737930775,0.012958863750100136,0.012958863750100136
881,0.011716719716787338,0.011716719716787338,0.01340720895677805,0.01340720895677805
882,0.011563374660909176,0.011563374660909176,0.013530048541724682,0.013530048541724682
883,0.011717110872268677,0.011717110872268677,0.012241818942129612,0.012241818942129612
884,0.011534088291227818,0.011534088291227818,0.012669523246586323,0.012669523246586323
885,0.011434241198003292,0.011434241198003292,0.013062226586043835,0.013062226586043835
886,0.011683573015034199,0.011683573015034199,0.012896877713501453,0.012896877713501453
887,0.01155762653797865,0.01155762653797865,0.01310468278825283,0.01310468278825283
888,0.011637468822300434,0.011637468822300434,0.012775310315191746,0.012775310315191746
889,0.01162139605730772,0.01162139605730772,0.014228925108909607,0.014228925108909607
890,0.011649779044091702,0.011649779044091702,0.013342072255909443,0.013342072255909443
891,0.011606504209339619,0.011606504209339619,0.01287055667489767,0.01287055667489767
892,0.01148111093789339,0.01148111093789339,0.01223747432231903,0.01223747432231903
893,0.011615538969635963,0.011615538969635963,0.012320800684392452,0.012320800684392452
894,0.011587640270590782,0.011587640270590782,0.01312895119190216,0.01312895119190216
895,0.011608797125518322,0.011608797125518322,0.01335103064775467,0.01335103064775467
896,0.011541936546564102,0.011541936546564102,0.014301312156021595,0.014301312156021595
897,0.011526022106409073,0.011526022106409073,0.015121418051421642,0.015121418051421642
898,0.011561469174921513,0.011561469174921513,0.013180652633309364,0.013180652633309364
899,0.011568346060812473,0.011568346060812473,0.013218495063483715,0.013218495063483715
900,0.011550730094313622,0.011550730094313622,0.012511802837252617,0.012511802837252617
901,0.011562410742044449,0.011562410742044449,0.013044946826994419,0.013044946826994419
902,0.011601721867918968,0.011601721867918968,0.0163877010345459,0.0163877010345459
903,0.011610623449087143,0.011610623449087143,0.013554912991821766,0.013554912991821766
904,0.011526751331984997,0.011526751331984997,0.013182754628360271,0.013182754628360271
905,0.011545507237315178,0.011545507237315178,0.012754330411553383,0.012754330411553383
906,0.011632333509624004,0.011632333509624004,0.013196687214076519,0.013196687214076519
907,0.011528984643518925,0.011528984643518925,0.013728144578635693,0.013728144578635693
908,0.011533060111105442,0.011533060111105442,0.012524162419140339,0.012524162419140339
909,0.011602509766817093,0.011602509766817093,0.013621162623167038,0.013621162623167038
910,0.0115601671859622,0.0115601671859622,0.012992569245398045,0.012992569245398045
911,0.011542035266757011,0.011542035266757011,0.01420516986399889,0.01420516986399889
912,0.011535831727087498,0.011535831727087498,0.012830762192606926,0.012830762192606926
913,0.011518138460814953,0.011518138460814953,0.015482391230762005,0.015482391230762005
914,0.011584105901420116,0.011584105901420116,0.01413288339972496,0.01413288339972496
915,0.011504651047289371,0.011504651047289371,0.013896665535867214,0.013896665535867214
916,0.011590208858251572,0.011590208858251572,0.012997669167816639,0.012997669167816639
917,0.011542102321982384,0.011542102321982384,0.01363054197281599,0.01363054197281599
918,0.011539831757545471,0.011539831757545471,0.012823980301618576,0.012823980301618576
919,0.011521587148308754,0.011521587148308754,0.013266529887914658,0.013266529887914658
920,0.011516217142343521,0.011516217142343521,0.013024900108575821,0.013024900108575821
921,0.011458995752036572,0.011458995752036572,0.01346224918961525,0.01346224918961525
922,0.011464418843388557,0.011464418843388557,0.014062955975532532,0.014062955975532532
923,0.011490384116768837,0.011490384116768837,0.012860056944191456,0.012860056944191456
924,0.01146186888217926,0.01146186888217926,0.013641596771776676,0.013641596771776676
925,0.011471757665276527,0.011471757665276527,0.014332139864563942,0.014332139864563942
926,0.011568034999072552,0.011568034999072552,0.011932306922972202,0.011932306922972202
927,0.011357936076819897,0.011357936076819897,0.01213997881859541,0.01213997881859541
928,0.011460918933153152,0.011460918933153152,0.01241256669163704,0.01241256669163704
929,0.011542894877493382,0.011542894877493382,0.013474184088408947,0.013474184088408947
930,0.01149738673120737,0.01149738673120737,0.013296338729560375,0.013296338729560375
931,0.011431747116148472,0.011431747116148472,0.012777282856404781,0.012777282856404781
932,0.011516592465341091,0.011516592465341091,0.016744352877140045,0.016744352877140045
933,0.011553947813808918,0.011553947813808918,0.012537037953734398,0.012537037953734398
934,0.01141271274536848,0.01141271274536848,0.01328570581972599,0.01328570581972599
935,0.011585021391510963,0.011585021391510963,0.012994511052966118,0.012994511052966118
936,0.01136449258774519,0.01136449258774519,0.014341550879180431,0.014341550879180431
937,0.011492490768432617,0.011492490768432617,0.012426360510289669,0.012426360510289669
938,0.01149130892008543,0.01149130892008543,0.013413812965154648,0.013413812965154648
939,0.01143370196223259,0.01143370196223259,0.01478604320436716,0.01478604320436716
940,0.011492692865431309,0.011492692865431309,0.013506553135812283,0.013506553135812283
941,0.011456561274826527,0.011456561274826527,0.013702213764190674,0.013702213764190674
942,0.011414116248488426,0.011414116248488426,0.012916152365505695,0.012916152365505695
943,0.011478262953460217,0.011478262953460217,0.0139479273930192,0.0139479273930192
944,0.011469935066998005,0.011469935066998005,0.013660993427038193,0.013660993427038193
945,0.011464638635516167,0.011464638635516167,0.017320727929472923,0.017320727929472923
946,0.011341811157763004,0.011341811157763004,0.014081471599638462,0.014081471599638462
947,0.011367143131792545,0.011367143131792545,0.014551185071468353,0.014551185071468353
948,0.011345867067575455,0.011345867067575455,0.014672049321234226,0.014672049321234226
949,0.01142370980232954,0.01142370980232954,0.014419141225516796,0.014419141225516796
950,0.011500252410769463,0.011500252410769463,0.012276573106646538,0.012276573106646538
951,0.011395002715289593,0.011395002715289593,0.014802150428295135,0.014802150428295135
952,0.01139802485704422,0.01139802485704422,0.012548127211630344,0.012548127211630344
953,0.011506675742566586,0.011506675742566586,0.013468099758028984,0.013468099758028984
954,0.011380448937416077,0.011380448937416077,0.012538963928818703,0.012538963928818703
955,0.011372188106179237,0.011372188106179237,0.012825783342123032,0.012825783342123032
956,0.011462443508207798,0.011462443508207798,0.012970133684575558,0.012970133684575558
957,0.011425158940255642,0.011425158940255642,0.013415181078016758,0.013415181078016758
958,0.011423205025494099,0.011423205025494099,0.013585765846073627,0.013585765846073627
959,0.011400233022868633,0.011400233022868633,0.012063056230545044,0.012063056230545044
960,0.011362455785274506,0.011362455785274506,0.012926933355629444,0.012926933355629444
961,0.011414824053645134,0.011414824053645134,0.014531723223626614,0.014531723223626614
962,0.011421050876379013,0.011421050876379013,0.013104862533509731,0.013104862533509731
963,0.011394070461392403,0.011394070461392403,0.01186449732631445,0.01186449732631445
964,0.011358157731592655,0.011358157731592655,0.013307838700711727,0.013307838700711727
965,0.011436027474701405,0.011436027474701405,0.01397757139056921,0.01397757139056921
966,0.01134476624429226,0.01134476624429226,0.01364187616854906,0.01364187616854906
967,0.011423571966588497,0.011423571966588497,0.012996772304177284,0.012996772304177284
968,0.011419843882322311,0.011419843882322311,0.012432192452251911,0.012432192452251911
969,0.011461651884019375,0.011461651884019375,0.01302261557430029,0.01302261557430029
970,0.011401756666600704,0.011401756666600704,0.016260601580142975,0.016260601580142975
971,0.011370853520929813,0.011370853520929813,0.013512901030480862,0.013512901030480862
972,0.011414793320000172,0.011414793320000172,0.013435914181172848,0.013435914181172848
973,0.011264278553426266,0.011264278553426266,0.013053311966359615,0.013053311966359615
974,0.011423612013459206,0.011423612013459206,0.012173280119895935,0.012173280119895935
975,0.011263602413237095,0.011263602413237095,0.012708661146461964,0.012708661146461964
976,0.011493505910038948,0.011493505910038948,0.012523976154625416,0.012523976154625416
977,0.011353977024555206,0.011353977024555206,0.01359990518540144,0.01359990518540144
978,0.01130934339016676,0.01130934339016676,0.013347093015909195,0.013347093015909195
979,0.011464276351034641,0.011464276351034641,0.014092999510467052,0.014092999510467052
980,0.01144470740109682,0.01144470740109682,0.01230933889746666,0.01230933889746666
981,0.011395555920898914,0.011395555920898914,0.013202173635363579,0.013202173635363579
982,0.011310620233416557,0.011310620233416557,0.013185106217861176,0.013185106217861176
983,0.011364622041583061,0.011364622041583061,0.013114823959767818,0.013114823959767818
984,0.011402837932109833,0.011402837932109833,0.014666026458144188,0.014666026458144188
985,0.011295855976641178,0.011295855976641178,0.013831567950546741,0.013831567950546741
986,0.011338954791426659,0.011338954791426659,0.012806021608412266,0.012806021608412266
987,0.011374086141586304,0.011374086141586304,0.013027663342654705,0.013027663342654705
988,0.011321019381284714,0.011321019381284714,0.013519038446247578,0.013519038446247578
989,0.011261017061769962,0.011261017061769962,0.01320065651088953,0.01320065651088953
990,0.011458639986813068,0.011458639986813068,0.012741594575345516,0.012741594575345516
991,0.011269399896264076,0.011269399896264076,0.012219564989209175,0.012219564989209175
992,0.01129612885415554,0.01129612885415554,0.012271076440811157,0.012271076440811157
993,0.011370634660124779,0.011370634660124779,0.012172075919806957,0.012172075919806957
994,0.011309443973004818,0.011309443973004818,0.012887910008430481,0.012887910008430481
995,0.011381878517568111,0.011381878517568111,0.012847787700593472,0.012847787700593472
996,0.01128807570785284,0.01128807570785284,0.013107032515108585,0.013107032515108585
997,0.011294249445199966,0.011294249445199966,0.01396176777780056,0.01396176777780056
998,0.011320767924189568,0.011320767924189568,0.01589679904282093,0.01589679904282093
999,0.011244288645684719,0.011244288645684719,0.011936955153942108,0.011936955153942108
